staff_id,reservation_id,staff_name
1,386,Heather Bowman
2,358,Michelle Allen
3,199,Ashley Powell
4,152,Michelle Allen
5,490,Heather Bowman
6,266,Scott Fields
7,95,Heather Stevens
8,345,Nicholas Jackson
9,101,Heather Bowman
10,172,Melissa Patton
11,22,Heather Stevens
12,22,Melissa Patton
13,498,Nicholas Jackson
14,203,Stephanie Gill
15,273,Michelle Allen
16,371,Heather Bowman
17,353,Ashley Powell
18,163,Ashley Powell
19,479,Michelle Allen
20,49,Heather Bowman
21,477,Heather Stevens
22,352,Ashley Powell
23,199,Ashley Powell
24,340,Melissa Patton
25,298,Judy Valenzuela
26,164,Scott Fields
27,375,Judy Valenzuela
28,213,Heather Stevens
29,108,Melissa Patton
30,177,Judy Valenzuela
31,300,Ashley Powell
32,498,Scott Fields
33,5,Carlos Taylor
34,228,Melissa Patton
35,159,Carlos Taylor
36,248,Ashley Powell
37,113,Michelle Allen
38,109,Heather Stevens
39,335,Heather Bowman
40,105,Stephanie Gill
41,307,Heather Bowman
42,484,Melissa Patton
43,432,Heather Stevens
44,14,Heather Stevens
45,96,Scott Fields
46,154,Scott Fields
47,34,Heather Stevens
48,475,Ashley Powell
49,420,Melissa Patton
50,13,Stephanie Gill
51,338,Nicholas Jackson
52,419,Michelle Allen
53,398,Judy Valenzuela
54,265,Carlos Taylor
55,115,Melissa Patton
56,363,Stephanie Gill
57,53,Ashley Powell
58,326,Melissa Patton
59,94,Stephanie Gill
60,208,Scott Fields
61,94,Heather Stevens
62,333,Melissa Patton
63,396,Heather Bowman
64,435,Melissa Patton
65,173,Michelle Allen
66,429,Scott Fields
67,134,Heather Stevens
68,266,Nicholas Jackson
69,101,Michelle Allen
70,229,Stephanie Gill
71,339,Ashley Powell
72,62,Carlos Taylor
73,423,Heather Stevens
74,27,Judy Valenzuela
75,330,Nicholas Jackson
76,13,Stephanie Gill
77,474,Carlos Taylor
78,348,Stephanie Gill
79,21,Stephanie Gill
80,374,Michelle Allen
81,103,Melissa Patton
82,14,Stephanie Gill
83,369,Heather Bowman
84,111,Scott Fields
85,60,Melissa Patton
86,424,Heather Stevens
87,170,Melissa Patton
88,419,Judy Valenzuela
89,250,Michelle Allen
90,150,Heather Bowman
91,214,Stephanie Gill
92,74,Michelle Allen
93,196,Judy Valenzuela
94,58,Ashley Powell
95,465,Judy Valenzuela
96,46,Melissa Patton
97,386,Judy Valenzuela
98,398,Melissa Patton
99,361,Ashley Powell
100,141,Melissa Patton
101,283,Nicholas Jackson
102,400,Carlos Taylor
103,134,Stephanie Gill
104,48,Nicholas Jackson
105,360,Carlos Taylor
106,319,Heather Stevens
107,189,Ashley Powell
108,343,Carlos Taylor
109,316,Heather Stevens
110,493,Heather Bowman
111,451,Judy Valenzuela
112,168,Michelle Allen
113,164,Nicholas Jackson
114,392,Judy Valenzuela
115,52,Carlos Taylor
116,497,Melissa Patton
117,169,Michelle Allen
118,203,Judy Valenzuela
119,284,Carlos Taylor
120,473,Melissa Patton
121,255,Stephanie Gill
122,277,Michelle Allen
123,225,Heather Bowman
124,260,Carlos Taylor
125,320,Carlos Taylor
126,207,Michelle Allen
127,443,Nicholas Jackson
128,371,Carlos Taylor
129,497,Stephanie Gill
130,103,Stephanie Gill
131,338,Carlos Taylor
132,255,Michelle Allen
133,44,Judy Valenzuela
134,496,Stephanie Gill
135,482,Heather Stevens
136,28,Nicholas Jackson
137,284,Stephanie Gill
138,346,Heather Stevens
139,62,Scott Fields
140,21,Carlos Taylor
141,334,Ashley Powell
142,146,Melissa Patton
143,432,Melissa Patton
144,82,Judy Valenzuela
145,485,Judy Valenzuela
146,194,Scott Fields
147,398,Judy Valenzuela
148,239,Melissa Patton
149,197,Nicholas Jackson
150,79,Heather Stevens
151,329,Ashley Powell
152,256,Heather Stevens
153,360,Stephanie Gill
154,21,Melissa Patton
155,8,Michelle Allen
156,338,Heather Stevens
157,302,Michelle Allen
158,406,Heather Stevens
159,147,Carlos Taylor
160,210,Nicholas Jackson
161,40,Heather Bowman
162,209,Nicholas Jackson
163,130,Judy Valenzuela
164,231,Scott Fields
165,399,Melissa Patton
166,175,Stephanie Gill
167,282,Scott Fields
168,314,Nicholas Jackson
169,300,Ashley Powell
170,153,Scott Fields
171,189,Michelle Allen
172,431,Michelle Allen
173,220,Melissa Patton
174,478,Scott Fields
175,325,Melissa Patton
176,285,Heather Bowman
177,47,Scott Fields
178,309,Ashley Powell
179,173,Scott Fields
180,121,Carlos Taylor
181,169,Carlos Taylor
182,307,Stephanie Gill
183,286,Heather Stevens
184,150,Heather Stevens
185,67,Heather Stevens
186,490,Ashley Powell
187,495,Carlos Taylor
188,82,Ashley Powell
189,114,Judy Valenzuela
190,298,Stephanie Gill
191,314,Ashley Powell
192,223,Heather Bowman
193,243,Ashley Powell
194,448,Stephanie Gill
195,310,Judy Valenzuela
196,380,Stephanie Gill
197,46,Nicholas Jackson
198,285,Carlos Taylor
199,115,Stephanie Gill
200,50,Nicholas Jackson
201,191,Heather Bowman
202,279,Heather Stevens
203,37,Stephanie Gill
204,305,Heather Stevens
205,104,Melissa Patton
206,80,Scott Fields
207,182,Melissa Patton
208,44,Nicholas Jackson
209,119,Judy Valenzuela
210,431,Judy Valenzuela
211,271,Heather Bowman
212,410,Scott Fields
213,379,Melissa Patton
214,326,Melissa Patton
215,100,Heather Stevens
216,408,Heather Stevens
217,50,Carlos Taylor
218,417,Stephanie Gill
219,286,Melissa Patton
220,144,Judy Valenzuela
221,466,Melissa Patton
222,336,Scott Fields
223,337,Melissa Patton
224,345,Nicholas Jackson
225,425,Scott Fields
226,121,Heather Bowman
227,26,Ashley Powell
228,424,Melissa Patton
229,476,Stephanie Gill
230,324,Stephanie Gill
231,65,Melissa Patton
232,370,Judy Valenzuela
233,459,Michelle Allen
234,7,Judy Valenzuela
235,22,Judy Valenzuela
236,214,Heather Stevens
237,248,Judy Valenzuela
238,455,Ashley Powell
239,492,Michelle Allen
240,487,Nicholas Jackson
241,394,Carlos Taylor
242,116,Melissa Patton
243,40,Carlos Taylor
244,24,Carlos Taylor
245,53,Melissa Patton
246,246,Stephanie Gill
247,224,Nicholas Jackson
248,353,Ashley Powell
249,218,Heather Bowman
250,205,Nicholas Jackson
251,231,Heather Bowman
252,136,Scott Fields
253,465,Stephanie Gill
254,195,Judy Valenzuela
255,4,Scott Fields
256,98,Stephanie Gill
257,444,Melissa Patton
258,383,Heather Stevens
259,137,Heather Bowman
260,200,Stephanie Gill
261,475,Heather Stevens
262,81,Ashley Powell
263,165,Stephanie Gill
264,482,Ashley Powell
265,101,Heather Stevens
266,376,Ashley Powell
267,137,Scott Fields
268,97,Ashley Powell
269,22,Carlos Taylor
270,344,Nicholas Jackson
271,341,Heather Bowman
272,327,Carlos Taylor
273,202,Carlos Taylor
274,26,Nicholas Jackson
275,403,Heather Bowman
276,141,Stephanie Gill
277,415,Scott Fields
278,212,Carlos Taylor
279,246,Stephanie Gill
280,20,Carlos Taylor
281,260,Ashley Powell
282,119,Heather Stevens
283,383,Heather Stevens
284,167,Scott Fields
285,356,Michelle Allen
286,450,Melissa Patton
287,315,Heather Bowman
288,457,Nicholas Jackson
289,437,Carlos Taylor
290,500,Heather Bowman
291,90,Judy Valenzuela
292,335,Melissa Patton
293,213,Stephanie Gill
294,381,Scott Fields
295,336,Judy Valenzuela
296,14,Judy Valenzuela
297,53,Michelle Allen
298,344,Heather Stevens
299,379,Scott Fields
300,485,Michelle Allen
301,285,Melissa Patton
302,382,Nicholas Jackson
303,105,Michelle Allen
304,303,Ashley Powell
305,495,Carlos Taylor
306,334,Nicholas Jackson
307,70,Carlos Taylor
308,285,Carlos Taylor
309,391,Scott Fields
310,85,Carlos Taylor
311,406,Michelle Allen
312,281,Michelle Allen
313,259,Nicholas Jackson
314,428,Heather Bowman
315,65,Judy Valenzuela
316,422,Melissa Patton
317,327,Ashley Powell
318,248,Carlos Taylor
319,105,Ashley Powell
320,350,Heather Stevens
321,318,Heather Bowman
322,164,Michelle Allen
323,473,Scott Fields
324,266,Heather Stevens
325,448,Melissa Patton
326,251,Carlos Taylor
327,112,Nicholas Jackson
328,174,Scott Fields
329,41,Heather Stevens
330,302,Melissa Patton
331,221,Judy Valenzuela
332,471,Heather Bowman
333,385,Stephanie Gill
334,210,Stephanie Gill
335,433,Ashley Powell
336,172,Carlos Taylor
337,104,Michelle Allen
338,323,Stephanie Gill
339,377,Scott Fields
340,114,Carlos Taylor
341,34,Heather Stevens
342,275,Heather Stevens
343,62,Heather Stevens
344,362,Ashley Powell
345,359,Scott Fields
346,298,Michelle Allen
347,341,Nicholas Jackson
348,188,Heather Bowman
349,351,Ashley Powell
350,355,Judy Valenzuela
351,386,Scott Fields
352,248,Stephanie Gill
353,467,Ashley Powell
354,284,Melissa Patton
355,171,Ashley Powell
356,191,Melissa Patton
357,400,Heather Bowman
358,435,Judy Valenzuela
359,317,Judy Valenzuela
360,379,Heather Stevens
361,122,Judy Valenzuela
362,116,Ashley Powell
363,327,Heather Stevens
364,413,Stephanie Gill
365,479,Heather Stevens
366,445,Judy Valenzuela
367,47,Heather Stevens
368,11,Heather Bowman
369,485,Judy Valenzuela
370,256,Michelle Allen
371,103,Scott Fields
372,297,Nicholas Jackson
373,492,Melissa Patton
374,183,Ashley Powell
375,272,Ashley Powell
376,455,Judy Valenzuela
377,141,Scott Fields
378,483,Scott Fields
379,361,Nicholas Jackson
380,63,Melissa Patton
381,75,Michelle Allen
382,266,Ashley Powell
383,199,Judy Valenzuela
384,358,Michelle Allen
385,497,Stephanie Gill
386,98,Ashley Powell
387,346,Judy Valenzuela
388,197,Carlos Taylor
389,147,Ashley Powell
390,26,Heather Stevens
391,219,Ashley Powell
392,82,Carlos Taylor
393,56,Nicholas Jackson
394,354,Heather Bowman
395,197,Michelle Allen
396,36,Michelle Allen
397,463,Scott Fields
398,475,Judy Valenzuela
399,450,Heather Bowman
400,65,Melissa Patton
401,313,Carlos Taylor
402,422,Carlos Taylor
403,143,Heather Stevens
404,273,Melissa Patton
405,412,Heather Stevens
406,306,Nicholas Jackson
407,260,Heather Bowman
408,264,Michelle Allen
409,470,Judy Valenzuela
410,402,Judy Valenzuela
411,203,Ashley Powell
412,465,Nicholas Jackson
413,2,Carlos Taylor
414,18,Nicholas Jackson
415,56,Ashley Powell
416,18,Heather Stevens
417,275,Michelle Allen
418,74,Ashley Powell
419,154,Nicholas Jackson
420,6,Ashley Powell
421,256,Melissa Patton
422,148,Michelle Allen
423,140,Melissa Patton
424,273,Carlos Taylor
425,202,Michelle Allen
426,252,Judy Valenzuela
427,55,Stephanie Gill
428,103,Judy Valenzuela
429,297,Carlos Taylor
430,79,Heather Bowman
431,219,Nicholas Jackson
432,39,Judy Valenzuela
433,67,Carlos Taylor
434,381,Carlos Taylor
435,151,Scott Fields
436,454,Melissa Patton
437,451,Michelle Allen
438,415,Judy Valenzuela
439,261,Heather Stevens
440,210,Melissa Patton
441,140,Heather Bowman
442,235,Heather Stevens
443,191,Carlos Taylor
444,170,Heather Bowman
445,6,Nicholas Jackson
446,444,Carlos Taylor
447,254,Nicholas Jackson
448,319,Melissa Patton
449,139,Heather Bowman
450,255,Scott Fields
451,178,Heather Stevens
452,35,Heather Stevens
453,56,Heather Stevens
454,371,Heather Bowman
455,179,Carlos Taylor
456,245,Melissa Patton
457,30,Michelle Allen
458,72,Judy Valenzuela
459,317,Michelle Allen
460,14,Nicholas Jackson
461,352,Stephanie Gill
462,389,Michelle Allen
463,240,Michelle Allen
464,103,Heather Stevens
465,123,Nicholas Jackson
466,179,Stephanie Gill
467,247,Heather Bowman
468,97,Michelle Allen
469,59,Michelle Allen
470,376,Nicholas Jackson
471,257,Melissa Patton
472,11,Heather Stevens
473,378,Ashley Powell
474,227,Michelle Allen
475,192,Scott Fields
476,460,Stephanie Gill
477,315,Melissa Patton
478,95,Michelle Allen
479,236,Michelle Allen
480,336,Heather Stevens
481,87,Scott Fields
482,158,Nicholas Jackson
483,457,Judy Valenzuela
484,317,Nicholas Jackson
485,146,Heather Bowman
486,149,Stephanie Gill
487,8,Judy Valenzuela
488,97,Nicholas Jackson
489,482,Scott Fields
490,432,Michelle Allen
491,468,Carlos Taylor
492,357,Michelle Allen
493,11,Melissa Patton
494,126,Judy Valenzuela
495,364,Nicholas Jackson
496,13,Judy Valenzuela
497,351,Heather Stevens
498,37,Carlos Taylor
499,54,Nicholas Jackson
500,417,Scott Fields
